ts,mem_used_mib
2026-08-10T15:49:16+00:00,3
2026-08-10T15:49:26+00:00,19
2026-08-10T15:49:36+00:00,7359
2026-08-10T15:49:46+00:00,21889
2026-08-10T15:49:56+00:00,21889
2026-08-10T15:50:07+00:00,21889
2026-08-10T15:50:17+00:00,21889
2026-08-10T15:50:27+00:00,21889
2026-08-10T15:50:37+00:00,21889
2026-08-10T15:50:47+00:00,21889
2026-08-10T15:50:57+00:00,21889
2026-08-10T15:51:07+00:00,21889
2026-08-10T15:51:17+00:00,21889
2026-08-10T15:51:27+00:00,21889
2026-08-10T15:51:37+00:00,21889
2026-08-10T15:51:47+00:00,21889
2026-08-10T15:51:57+00:00,21889
2026-08-10T15:52:07+00:00,21889
2026-08-10T15:52:17+00:00,21889
2026-08-10T15:52:27+00:00,21889
2026-08-10T15:52:37+00:00,21889
2026-08-10T15:52:47+00:00,21889
2026-08-10T15:52:57+00:00,21889
2026-08-10T15:53:07+00:00,21889
2026-08-10T15:53:17+00:00,21889
2026-08-10T15:53:27+00:00,21889
2026-08-10T15:53:37+00:00,21889
2026-08-10T15:53:47+00:00,21889
2026-08-10T15:53:57+00:00,21889
2026-08-10T15:54:07+00:00,21889
2026-08-10T15:54:17+00:00,21889
2026-08-10T15:54:27+00:00,21889
2026-08-10T15:54:37+00:00,21889
2026-08-10T15:54:47+00:00,21889
2026-08-10T15:54:57+00:00,21889
2026-08-10T15:55:08+00:00,21889
2026-08-10T15:55:18+00:00,21889
2026-08-10T15:55:28+00:00,21889
2026-08-10T15:55:38+00:00,21889
2026-08-10T15:55:48+00:00,21889
2026-08-10T15:55:58+00:00,21889
2026-08-10T15:56:08+00:00,21889
2026-08-10T15:56:18+00:00,21889
2026-08-10T15:56:28+00:00,21889
2026-08-10T15:56:38+00:00,21889
2026-08-10T15:56:48+00:00,21889
2026-08-10T15:56:58+00:00,21889
2026-08-10T15:57:08+00:00,21889
2026-08-10T15:57:18+00:00,21891
2026-08-10T15:57:28+00:00,21891
2026-08-10T15:57:38+00:00,21891
2026-08-10T15:57:48+00:00,21891
2026-08-10T15:57:58+00:00,21891
2026-08-10T15:58:08+00:00,21891
2026-08-10T15:58:18+00:00,21891
2026-08-10T15:58:28+00:00,21891
2026-08-10T15:58:38+00:00,21891
2026-08-10T15:58:48+00:00,21891
2026-08-10T15:58:58+00:00,21891
2026-08-10T15:59:08+00:00,21891
2026-08-10T15:59:18+00:00,21891
2026-08-10T15:59:28+00:00,21891
2026-08-10T15:59:38+00:00,21891
2026-08-10T15:59:48+00:00,21891
2026-08-10T15:59:58+00:00,21891
2026-08-10T16:00:09+00:00,21891
2026-08-10T16:00:19+00:00,21891
2026-08-10T16:00:29+00:00,21891
2026-08-10T16:00:39+00:00,21891
2026-08-10T16:00:49+00:00,21891
2026-08-10T16:00:59+00:00,21891
2026-08-10T16:01:09+00:00,21891
2026-08-10T16:01:19+00:00,21891
2026-08-10T16:01:29+00:00,21891
2026-08-10T16:01:39+00:00,21891
2026-08-10T16:01:49+00:00,21891
2026-08-10T16:01:59+00:00,21891
2026-08-10T16:02:09+00:00,21891
2026-08-10T16:02:19+00:00,21891
2026-08-10T16:02:29+00:00,21891
2026-08-10T16:02:39+00:00,21891
2026-08-10T16:02:49+00:00,21891
2026-08-10T16:02:59+00:00,21891
2026-08-10T16:03:09+00:00,21891
2026-08-10T16:03:19+00:00,21891
2026-08-10T16:03:29+00:00,21891
2026-08-10T16:03:39+00:00,21891
2026-08-10T16:03:49+00:00,21891
2026-08-10T16:03:59+00:00,21891
2026-08-10T16:04:09+00:00,21891
2026-08-10T16:04:19+00:00,21891
2026-08-10T16:04:29+00:00,21891
2026-08-10T16:04:39+00:00,21891
2026-08-10T16:04:49+00:00,21891
2026-08-10T16:05:00+00:00,21891
2026-08-10T16:05:10+00:00,21891
2026-08-10T16:05:20+00:00,21891
2026-08-10T16:05:30+00:00,21891
2026-08-10T16:05:40+00:00,21891
2026-08-10T16:05:50+00:00,21891
2026-08-10T16:06:00+00:00,21891
2026-08-10T16:06:10+00:00,21891
2026-08-10T16:06:20+00:00,21891
2026-08-10T16:06:30+00:00,21891
2026-08-10T16:06:40+00:00,21891
2026-08-10T16:06:50+00:00,21891
2026-08-10T16:07:00+00:00,21891
2026-08-10T16:07:10+00:00,21891
2026-08-10T16:07:20+00:00,21891
2026-08-10T16:07:30+00:00,21891
2026-08-10T16:07:40+00:00,21891
2026-08-10T16:07:50+00:00,21891
2026-08-10T16:08:00+00:00,21891
2026-08-10T16:08:10+00:00,21891
2026-08-10T16:08:20+00:00,21891
2026-08-10T16:08:30+00:00,21891
2026-08-10T16:08:40+00:00,21891
2026-08-10T16:08:50+00:00,21891
2026-08-10T16:09:00+00:00,21891
2026-08-10T16:09:10+00:00,21891
2026-08-10T16:09:20+00:00,21891
2026-08-10T16:09:30+00:00,21891
2026-08-10T16:09:40+00:00,21891
2026-08-10T16:09:50+00:00,21891
2026-08-10T16:10:01+00:00,21891
2026-08-10T16:10:11+00:00,21891
2026-08-10T16:10:21+00:00,21891
2026-08-10T16:10:31+00:00,21891
2026-08-10T16:10:41+00:00,21891
2026-08-10T16:10:51+00:00,21891
2026-08-10T16:11:01+00:00,21891
2026-08-10T16:11:11+00:00,21891
2026-08-10T16:11:21+00:00,21891
2026-08-10T16:11:31+00:00,21891
2026-08-10T16:11:41+00:00,21891
2026-08-10T16:11:51+00:00,21891
2026-08-10T16:12:01+00:00,21891
2026-08-10T16:12:11+00:00,21891
2026-08-10T16:12:21+00:00,21891
2026-08-10T16:12:31+00:00,21891
2026-08-10T16:12:41+00:00,21891
2026-08-10T16:12:51+00:00,21891
2026-08-10T16:13:01+00:00,21891
2026-08-10T16:13:11+00:00,21891
2026-08-10T16:13:21+00:00,21891
2026-08-10T16:13:31+00:00,21891
2026-08-10T16:13:41+00:00,21891
2026-08-10T16:13:51+00:00,21891
2026-08-10T16:14:01+00:00,21891
2026-08-10T16:14:11+00:00,21891
2026-08-10T16:14:21+00:00,21891
2026-08-10T16:14:31+00:00,21891
2026-08-10T16:14:41+00:00,21891
2026-08-10T16:14:51+00:00,21891
2026-08-10T16:15:02+00:00,21891
2026-08-10T16:15:12+00:00,21891
2026-08-10T16:15:22+00:00,21891
2026-08-10T16:15:32+00:00,21891
2026-08-10T16:15:42+00:00,21891
2026-08-10T16:15:52+00:00,21891
2026-08-10T16:16:02+00:00,21891
2026-08-10T16:16:12+00:00,21891
2026-08-10T16:16:22+00:00,21891
2026-08-10T16:16:32+00:00,21891
2026-08-10T16:16:42+00:00,21891
2026-08-10T16:16:52+00:00,21891
2026-08-10T16:17:02+00:00,21891
2026-08-10T16:17:12+00:00,21891
2026-08-10T16:17:22+00:00,21891
2026-08-10T16:17:32+00:00,21891
2026-08-10T16:17:42+00:00,21891
2026-08-10T16:17:52+00:00,21891
2026-08-10T16:18:02+00:00,21891
2026-08-10T16:18:12+00:00,21891
2026-08-10T16:18:22+00:00,21891
2026-08-10T16:18:32+00:00,21891
2026-08-10T16:18:42+00:00,21891
2026-08-10T16:18:52+00:00,21891
2026-08-10T16:19:02+00:00,21891
2026-08-10T16:19:12+00:00,21891
2026-08-10T16:19:22+00:00,21891
2026-08-10T16:19:32+00:00,21891
2026-08-10T16:19:42+00:00,21891
2026-08-10T16:19:52+00:00,21891
2026-08-10T16:20:03+00:00,21891
2026-08-10T16:20:13+00:00,21891
2026-08-10T16:20:23+00:00,21891
2026-08-10T16:20:33+00:00,21891
2026-08-10T16:20:43+00:00,21891
2026-08-10T16:20:53+00:00,21891
2026-08-10T16:21:03+00:00,21891
2026-08-10T16:21:13+00:00,21891
2026-08-10T16:21:23+00:00,21891
2026-08-10T16:21:33+00:00,21891
2026-08-10T16:21:43+00:00,21891
2026-08-10T16:21:53+00:00,21891
2026-08-10T16:22:03+00:00,21891
2026-08-10T16:22:13+00:00,21891
2026-08-10T16:22:23+00:00,21891
2026-08-10T16:22:33+00:00,21891
2026-08-10T16:22:43+00:00,21891
2026-08-10T16:22:53+00:00,21891
2026-08-10T16:23:03+00:00,21891
2026-08-10T16:23:13+00:00,21891
2026-08-10T16:23:23+00:00,21891
2026-08-10T16:23:33+00:00,21891
2026-08-10T16:23:43+00:00,21891
2026-08-10T16:23:53+00:00,21891
2026-08-10T16:24:03+00:00,21891
2026-08-10T16:24:13+00:00,21891
2026-08-10T16:24:23+00:00,21891
2026-08-10T16:24:33+00:00,21891
2026-08-10T16:24:43+00:00,21891
2026-08-10T16:24:53+00:00,21891
2026-08-10T16:25:04+00:00,21891
2026-08-10T16:25:14+00:00,21891
2026-08-10T16:25:24+00:00,21891
2026-08-10T16:25:34+00:00,21891
2026-08-10T16:25:44+00:00,21891
2026-08-10T16:25:54+00:00,21891
2026-08-10T16:26:04+00:00,21891
2026-08-10T16:26:14+00:00,21891
2026-08-10T16:26:24+00:00,21891
2026-08-10T16:26:34+00:00,21891
2026-08-10T16:26:44+00:00,21891
2026-08-10T16:26:54+00:00,21891
2026-08-10T16:27:04+00:00,21891
2026-08-10T16:27:14+00:00,21891
2026-08-10T16:27:24+00:00,21891
2026-08-10T16:27:34+00:00,21891
2026-08-10T16:27:44+00:00,21891
2026-08-10T16:27:54+00:00,21891
2026-08-10T16:28:04+00:00,21891
2026-08-10T16:28:14+00:00,21891
2026-08-10T16:28:24+00:00,21891
2026-08-10T16:28:34+00:00,21891
2026-08-10T16:28:44+00:00,21891
2026-08-10T16:28:54+00:00,21891
2026-08-10T16:29:04+00:00,21891
2026-08-10T16:29:14+00:00,21891
2026-08-10T16:29:24+00:00,21891
2026-08-10T16:29:34+00:00,21891
2026-08-10T16:29:44+00:00,21891
2026-08-10T16:29:54+00:00,21891
2026-08-10T16:30:05+00:00,21891
2026-08-10T16:30:15+00:00,21891
2026-08-10T16:30:25+00:00,21891
2026-08-10T16:30:35+00:00,21891
2026-08-10T16:30:45+00:00,21891
2026-08-10T16:30:55+00:00,21891
2026-08-10T16:31:05+00:00,21891
2026-08-10T16:31:15+00:00,21891
2026-08-10T16:31:25+00:00,21891
2026-08-10T16:31:35+00:00,21891
2026-08-10T16:31:45+00:00,21891
2026-08-10T16:31:55+00:00,21891
2026-08-10T16:32:05+00:00,21891
2026-08-10T16:32:15+00:00,21891
2026-08-10T16:32:25+00:00,21891
2026-08-10T16:32:35+00:00,21891
2026-08-10T16:32:45+00:00,21891
2026-08-10T16:32:55+00:00,21891
2026-08-10T16:33:05+00:00,21891
2026-08-10T16:33:15+00:00,21891
2026-08-10T16:33:25+00:00,21891
2026-08-10T16:33:35+00:00,21891
2026-08-10T16:33:45+00:00,21891
2026-08-10T16:33:55+00:00,21891
2026-08-10T16:34:05+00:00,21891
2026-08-10T16:34:15+00:00,21891
2026-08-10T16:34:25+00:00,21891
2026-08-10T16:34:35+00:00,21891
2026-08-10T16:34:45+00:00,21891
2026-08-10T16:34:56+00:00,21891
2026-08-10T16:35:06+00:00,21891
2026-08-10T16:35:16+00:00,21891
2026-08-10T16:35:26+00:00,21891
2026-08-10T16:35:36+00:00,21891
2026-08-10T16:35:46+00:00,21891
2026-08-10T16:35:56+00:00,21891
2026-08-10T16:36:06+00:00,21891
2026-08-10T16:36:16+00:00,21891
2026-08-10T16:36:26+00:00,21891
2026-08-10T16:36:36+00:00,21891
2026-08-10T16:36:46+00:00,21891
2026-08-10T16:36:56+00:00,21891
2026-08-10T16:37:06+00:00,21891
2026-08-10T16:37:16+00:00,21891
2026-08-10T16:37:26+00:00,21891
2026-08-10T16:37:36+00:00,21891
2026-08-10T16:37:46+00:00,21891
2026-08-10T16:37:56+00:00,21891
2026-08-10T16:38:06+00:00,21891
2026-08-10T16:38:16+00:00,21891
2026-08-10T16:38:26+00:00,21891
2026-08-10T16:38:36+00:00,21891
2026-08-10T16:38:46+00:00,21891
2026-08-10T16:38:56+00:00,21891
2026-08-10T16:39:06+00:00,21891
2026-08-10T16:39:16+00:00,21891
2026-08-10T16:39:26+00:00,21891
2026-08-10T16:39:36+00:00,21891
2026-08-10T16:39:46+00:00,21891
2026-08-10T16:39:57+00:00,21891
2026-08-10T16:40:07+00:00,21891
2026-08-10T16:40:17+00:00,21891
2026-08-10T16:40:27+00:00,21891
2026-08-10T16:40:37+00:00,21891
2026-08-10T16:40:47+00:00,21891
2026-08-10T16:40:57+00:00,21891
2026-08-10T16:41:07+00:00,21891
2026-08-10T16:41:17+00:00,21891
2026-08-10T16:41:27+00:00,21891
2026-08-10T16:41:37+00:00,21891
2026-08-10T16:41:47+00:00,21891
2026-08-10T16:41:57+00:00,21891
2026-08-10T16:42:07+00:00,21891
2026-08-10T16:42:17+00:00,21891
2026-08-10T16:42:27+00:00,21891
2026-08-10T16:42:37+00:00,21891
2026-08-10T16:42:47+00:00,21891
2026-08-10T16:42:57+00:00,21891
2026-08-10T16:43:07+00:00,21891
2026-08-10T16:43:17+00:00,21891
2026-08-10T16:43:27+00:00,21891
2026-08-10T16:43:37+00:00,21891
2026-08-10T16:43:47+00:00,21891
2026-08-10T16:43:57+00:00,21891
2026-08-10T16:44:07+00:00,21891
2026-08-10T16:44:17+00:00,21891
2026-08-10T16:44:27+00:00,21891
2026-08-10T16:44:37+00:00,21891
2026-08-10T16:44:47+00:00,21891
2026-08-10T16:44:58+00:00,21891
2026-08-10T16:45:08+00:00,21891
2026-08-10T16:45:18+00:00,21891
2026-08-10T16:45:28+00:00,21891
2026-08-10T16:45:38+00:00,21891
2026-08-10T16:45:48+00:00,21891
2026-08-10T16:45:58+00:00,21891
2026-08-10T16:46:08+00:00,21891
2026-08-10T16:46:18+00:00,21891
2026-08-10T16:46:28+00:00,21891
2026-08-10T16:46:38+00:00,21891
2026-08-10T16:46:48+00:00,21891
2026-08-10T16:46:58+00:00,21891
2026-08-10T16:47:08+00:00,21891
2026-08-10T16:47:18+00:00,21891
2026-08-10T16:47:28+00:00,21891
2026-08-10T16:47:38+00:00,21891
2026-08-10T16:47:48+00:00,21891
2026-08-10T16:47:58+00:00,21891
2026-08-10T16:48:08+00:00,21891
2026-08-10T16:48:18+00:00,21891
2026-08-10T16:48:28+00:00,21891
2026-08-10T16:48:38+00:00,21891
2026-08-10T16:48:48+00:00,21891
2026-08-10T16:48:58+00:00,21891
2026-08-10T16:49:08+00:00,21891
2026-08-10T16:49:18+00:00,21891
2026-08-10T16:49:28+00:00,21891
2026-08-10T16:49:38+00:00,21891
2026-08-10T16:49:48+00:00,21891
2026-08-10T16:49:59+00:00,21891
2026-08-10T16:50:09+00:00,21891
2026-08-10T16:50:19+00:00,21891
2026-08-10T16:50:29+00:00,21891
2026-08-10T16:50:39+00:00,0
2026-08-10T16:50:49+00:00,0
2026-08-10T16:50:59+00:00,0
2026-08-10T16:51:09+00:00,0
2026-08-10T16:51:19+00:00,0
2026-08-10T16:51:29+00:00,0
2026-08-10T16:51:39+00:00,0
2026-08-10T16:51:49+00:00,0
2026-08-10T16:51:59+00:00,0
2026-08-10T16:52:09+00:00,0
2026-08-10T16:52:19+00:00,0
2026-08-10T16:52:29+00:00,0
2026-08-10T16:52:39+00:00,0
2026-08-10T16:52:49+00:00,0
2026-08-10T16:52:59+00:00,0
2026-08-10T16:53:09+00:00,0
2026-08-10T16:53:19+00:00,0
2026-08-10T16:53:29+00:00,0
2026-08-10T16:53:39+00:00,0
2026-08-10T16:53:49+00:00,0
2026-08-10T16:53:59+00:00,0
2026-08-10T16:54:09+00:00,0
2026-08-10T16:54:19+00:00,0
2026-08-10T16:54:29+00:00,0
2026-08-10T16:54:39+00:00,0
2026-08-10T16:54:49+00:00,0
2026-08-10T16:55:00+00:00,0
2026-08-10T16:55:10+00:00,0
2026-08-10T16:55:20+00:00,0
2026-08-10T16:55:30+00:00,0
2026-08-10T16:55:40+00:00,0
2026-08-10T16:55:50+00:00,0
2026-08-10T16:56:00+00:00,0
2026-08-10T16:56:10+00:00,0
2026-08-10T16:56:20+00:00,0
2026-08-10T16:56:30+00:00,0
2026-08-10T16:56:40+00:00,0
2026-08-10T16:56:50+00:00,0
2026-08-10T16:57:00+00:00,0
2026-08-10T16:57:10+00:00,0
2026-08-10T16:57:20+00:00,0
2026-08-10T16:57:30+00:00,0
2026-08-10T16:57:40+00:00,0
2026-08-10T16:57:50+00:00,0
2026-08-10T16:58:00+00:00,0
2026-08-10T16:58:10+00:00,0
2026-08-10T16:58:20+00:00,0
2026-08-10T16:58:30+00:00,0
2026-08-10T16:58:40+00:00,0
2026-08-10T16:58:50+00:00,0
2026-08-10T16:59:00+00:00,0
2026-08-10T16:59:10+00:00,0
2026-08-10T16:59:20+00:00,0
2026-08-10T16:59:30+00:00,0
2026-08-10T16:59:40+00:00,0
2026-08-10T16:59:50+00:00,3
2026-08-10T17:00:00+00:00,323
2026-08-10T17:00:11+00:00,7359
2026-08-10T17:00:21+00:00,20307
2026-08-10T17:00:31+00:00,20307
2026-08-10T17:00:41+00:00,20307
2026-08-10T17:00:51+00:00,20307
2026-08-10T17:01:01+00:00,20307
2026-08-10T17:01:11+00:00,20307
2026-08-10T17:01:21+00:00,20307
2026-08-10T17:01:31+00:00,20307
2026-08-10T17:01:41+00:00,20307
2026-08-10T17:01:51+00:00,20307
2026-08-10T17:02:01+00:00,20307
2026-08-10T17:02:11+00:00,20307
2026-08-10T17:02:21+00:00,20307
2026-08-10T17:02:31+00:00,20307
2026-08-10T17:02:41+00:00,20307
2026-08-10T17:02:51+00:00,20307
2026-08-10T17:03:01+00:00,20307
2026-08-10T17:03:11+00:00,20307
2026-08-10T17:03:21+00:00,20307
2026-08-10T17:03:31+00:00,20307
2026-08-10T17:03:41+00:00,20307
2026-08-10T17:03:51+00:00,20307
2026-08-10T17:04:01+00:00,20307
2026-08-10T17:04:11+00:00,20307
2026-08-10T17:04:21+00:00,20307
2026-08-10T17:04:31+00:00,20307
2026-08-10T17:04:41+00:00,20307
2026-08-10T17:04:51+00:00,20307
2026-08-10T17:05:01+00:00,20307
2026-08-10T17:05:12+00:00,20307
2026-08-10T17:05:22+00:00,20307
2026-08-10T17:05:32+00:00,20307
2026-08-10T17:05:42+00:00,20307
2026-08-10T17:05:52+00:00,20307
2026-08-10T17:06:02+00:00,20307
2026-08-10T17:06:12+00:00,20307
2026-08-10T17:06:22+00:00,20307
2026-08-10T17:06:32+00:00,20307
2026-08-10T17:06:42+00:00,20307
2026-08-10T17:06:52+00:00,20307
2026-08-10T17:07:02+00:00,20307
2026-08-10T17:07:12+00:00,20307
2026-08-10T17:07:22+00:00,20307
2026-08-10T17:07:32+00:00,20307
2026-08-10T17:07:42+00:00,20307
2026-08-10T17:07:52+00:00,20307
2026-08-10T17:08:02+00:00,20307
2026-08-10T17:08:12+00:00,20307
2026-08-10T17:08:22+00:00,20307
2026-08-10T17:08:32+00:00,20307
2026-08-10T17:08:42+00:00,20307
2026-08-10T17:08:52+00:00,20307
2026-08-10T17:09:02+00:00,20307
2026-08-10T17:09:12+00:00,20307
2026-08-10T17:09:22+00:00,20307
2026-08-10T17:09:32+00:00,20307
2026-08-10T17:09:42+00:00,20307
2026-08-10T17:09:52+00:00,20307
2026-08-10T17:10:02+00:00,20307
2026-08-10T17:10:13+00:00,20307
2026-08-10T17:10:23+00:00,20307
2026-08-10T17:10:33+00:00,20307
2026-08-10T17:10:43+00:00,20307
2026-08-10T17:10:53+00:00,20307
2026-08-10T17:11:03+00:00,20307
2026-08-10T17:11:13+00:00,20307
2026-08-10T17:11:23+00:00,20307
2026-08-10T17:11:33+00:00,20307
2026-08-10T17:11:43+00:00,20307
2026-08-10T17:11:53+00:00,20307
2026-08-10T17:12:03+00:00,20307
2026-08-10T17:12:13+00:00,20307
2026-08-10T17:12:23+00:00,20307
2026-08-10T17:12:33+00:00,20307
2026-08-10T17:12:43+00:00,20307
2026-08-10T17:12:53+00:00,20307
2026-08-10T17:13:03+00:00,20307
2026-08-10T17:13:13+00:00,20307
2026-08-10T17:13:23+00:00,20307
2026-08-10T17:13:33+00:00,20307
2026-08-10T17:13:43+00:00,20307
2026-08-10T17:13:53+00:00,20307
2026-08-10T17:14:03+00:00,20307
2026-08-10T17:14:13+00:00,20307
2026-08-10T17:14:23+00:00,20307
2026-08-10T17:14:33+00:00,20307
2026-08-10T17:14:43+00:00,20307
2026-08-10T17:14:53+00:00,20307
2026-08-10T17:15:03+00:00,20307
2026-08-10T17:15:14+00:00,20307
2026-08-10T17:15:24+00:00,20307
2026-08-10T17:15:34+00:00,20307
2026-08-10T17:15:44+00:00,20307
2026-08-10T17:15:54+00:00,20307
2026-08-10T17:16:04+00:00,20307
2026-08-10T17:16:14+00:00,20307
2026-08-10T17:16:24+00:00,20307
2026-08-10T17:16:34+00:00,20307
2026-08-10T17:16:44+00:00,20307
2026-08-10T17:16:54+00:00,20307
2026-08-10T17:17:04+00:00,20307
2026-08-10T17:17:14+00:00,20307
2026-08-10T17:17:24+00:00,20307
2026-08-10T17:17:34+00:00,20307
2026-08-10T17:17:44+00:00,20307
2026-08-10T17:17:54+00:00,20307
2026-08-10T17:18:04+00:00,20307
2026-08-10T17:18:14+00:00,20307
2026-08-10T17:18:24+00:00,20307
2026-08-10T17:18:34+00:00,20307
2026-08-10T17:18:44+00:00,20307
2026-08-10T17:18:54+00:00,20307
2026-08-10T17:19:04+00:00,20307
2026-08-10T17:19:14+00:00,20307
2026-08-10T17:19:24+00:00,20307
2026-08-10T17:19:34+00:00,20307
2026-08-10T17:19:44+00:00,20307
2026-08-10T17:19:54+00:00,20307
2026-08-10T17:20:04+00:00,20307
2026-08-10T17:20:15+00:00,20307
2026-08-10T17:20:25+00:00,20307
2026-08-10T17:20:35+00:00,20307
2026-08-10T17:20:45+00:00,20307
2026-08-10T17:20:55+00:00,20307
2026-08-10T17:21:05+00:00,20307
2026-08-10T17:21:15+00:00,20307
2026-08-10T17:21:25+00:00,20307
2026-08-10T17:21:35+00:00,20307
2026-08-10T17:21:45+00:00,20307
2026-08-10T17:21:55+00:00,20307
2026-08-10T17:22:05+00:00,20307
2026-08-10T17:22:15+00:00,20307
2026-08-10T17:22:25+00:00,20307
2026-08-10T17:22:35+00:00,20307
2026-08-10T17:22:45+00:00,20307
2026-08-10T17:22:55+00:00,20307
2026-08-10T17:23:05+00:00,20307
2026-08-10T17:23:15+00:00,20307
2026-08-10T17:23:25+00:00,20307
2026-08-10T17:23:35+00:00,20307
2026-08-10T17:23:45+00:00,20307
2026-08-10T17:23:55+00:00,20307
2026-08-10T17:24:05+00:00,20307
2026-08-10T17:24:15+00:00,20307
2026-08-10T17:24:25+00:00,20307
2026-08-10T17:24:35+00:00,20307
2026-08-10T17:24:45+00:00,20307
2026-08-10T17:24:55+00:00,20307
2026-08-10T17:25:06+00:00,20307
2026-08-10T17:25:16+00:00,20307
2026-08-10T17:25:26+00:00,20307
2026-08-10T17:25:36+00:00,20307
2026-08-10T17:25:46+00:00,20307
2026-08-10T17:25:56+00:00,20307
2026-08-10T17:26:06+00:00,20307
2026-08-10T17:26:16+00:00,20307
2026-08-10T17:26:26+00:00,20307
2026-08-10T17:26:36+00:00,20307
2026-08-10T17:26:46+00:00,20307
2026-08-10T17:26:56+00:00,20307
2026-08-10T17:27:06+00:00,20307
2026-08-10T17:27:16+00:00,20307
2026-08-10T17:27:26+00:00,20307
2026-08-10T17:27:36+00:00,20307
2026-08-10T17:27:46+00:00,20307
2026-08-10T17:27:56+00:00,20307
2026-08-10T17:28:06+00:00,20307
2026-08-10T17:28:16+00:00,20307
2026-08-10T17:28:26+00:00,20307
2026-08-10T17:28:36+00:00,20307
2026-08-10T17:28:46+00:00,20307
2026-08-10T17:28:56+00:00,20307
2026-08-10T17:29:06+00:00,20307
2026-08-10T17:29:16+00:00,20307
2026-08-10T17:29:26+00:00,20307
2026-08-10T17:29:36+00:00,20307
2026-08-10T17:29:46+00:00,20307
2026-08-10T17:29:56+00:00,20307
2026-08-10T17:30:07+00:00,20307
2026-08-10T17:30:17+00:00,20307
2026-08-10T17:30:27+00:00,20307
2026-08-10T17:30:37+00:00,20307
2026-08-10T17:30:47+00:00,20307
2026-08-10T17:30:57+00:00,20307
2026-08-10T17:31:07+00:00,20307
2026-08-10T17:31:17+00:00,20307
2026-08-10T17:31:27+00:00,20307
2026-08-10T17:31:37+00:00,20307
2026-08-10T17:31:47+00:00,20307
2026-08-10T17:31:57+00:00,20307
2026-08-10T17:32:07+00:00,20307
2026-08-10T17:32:17+00:00,20307
2026-08-10T17:32:27+00:00,20307
2026-08-10T17:32:37+00:00,20307
2026-08-10T17:32:47+00:00,20307
2026-08-10T17:32:57+00:00,20307
2026-08-10T17:33:07+00:00,20307
2026-08-10T17:33:17+00:00,20307
2026-08-10T17:33:27+00:00,20307
2026-08-10T17:33:37+00:00,20307
2026-08-10T17:33:47+00:00,20307
2026-08-10T17:33:57+00:00,20307
2026-08-10T17:34:07+00:00,20307
2026-08-10T17:34:17+00:00,20307
2026-08-10T17:34:27+00:00,20307
2026-08-10T17:34:37+00:00,20307
2026-08-10T17:34:47+00:00,20307
2026-08-10T17:34:57+00:00,20307
2026-08-10T17:35:08+00:00,20307
2026-08-10T17:35:18+00:00,20307
2026-08-10T17:35:28+00:00,20307
2026-08-10T17:35:38+00:00,20307
2026-08-10T17:35:48+00:00,20307
2026-08-10T17:35:58+00:00,20307
2026-08-10T17:36:08+00:00,20307
2026-08-10T17:36:18+00:00,20307
2026-08-10T17:36:28+00:00,20307
2026-08-10T17:36:38+00:00,20307
2026-08-10T17:36:48+00:00,20307
2026-08-10T17:36:58+00:00,20307
2026-08-10T17:37:08+00:00,20307
2026-08-10T17:37:18+00:00,20307
2026-08-10T17:37:28+00:00,20307
2026-08-10T17:37:38+00:00,20307
2026-08-10T17:37:48+00:00,20307
2026-08-10T17:37:58+00:00,20307
2026-08-10T17:38:08+00:00,20307
2026-08-10T17:38:18+00:00,20307
2026-08-10T17:38:28+00:00,20307
2026-08-10T17:38:38+00:00,20307
2026-08-10T17:38:48+00:00,20307
2026-08-10T17:38:58+00:00,20307
2026-08-10T17:39:08+00:00,20307
2026-08-10T17:39:18+00:00,20307
2026-08-10T17:39:28+00:00,20307
2026-08-10T17:39:38+00:00,20307
2026-08-10T17:39:48+00:00,20307
2026-08-10T17:39:58+00:00,20307
2026-08-10T17:40:09+00:00,20307
2026-08-10T17:40:19+00:00,20307
2026-08-10T17:40:29+00:00,20307
2026-08-10T17:40:39+00:00,20307
2026-08-10T17:40:49+00:00,20307
2026-08-10T17:40:59+00:00,20307
2026-08-10T17:41:09+00:00,20307
2026-08-10T17:41:19+00:00,20307
2026-08-10T17:41:29+00:00,20307
2026-08-10T17:41:39+00:00,20307
2026-08-10T17:41:49+00:00,20307
2026-08-10T17:41:59+00:00,20307
2026-08-10T17:42:09+00:00,20307
2026-08-10T17:42:19+00:00,20307
2026-08-10T17:42:29+00:00,20307
2026-08-10T17:42:39+00:00,20307
2026-08-10T17:42:49+00:00,20307
2026-08-10T17:42:59+00:00,20307
2026-08-10T17:43:09+00:00,20307
2026-08-10T17:43:19+00:00,20307
2026-08-10T17:43:29+00:00,20307
2026-08-10T17:43:39+00:00,20307
2026-08-10T17:43:49+00:00,20307
2026-08-10T17:43:59+00:00,20307
2026-08-10T17:44:09+00:00,20307
2026-08-10T17:44:19+00:00,20307
2026-08-10T17:44:29+00:00,20307
2026-08-10T17:44:39+00:00,20307
2026-08-10T17:44:49+00:00,20307
2026-08-10T17:44:59+00:00,20307
2026-08-10T17:45:10+00:00,20307
2026-08-10T17:45:20+00:00,20307
2026-08-10T17:45:30+00:00,20307
2026-08-10T17:45:40+00:00,20307
2026-08-10T17:45:50+00:00,20307
2026-08-10T17:46:00+00:00,20307
2026-08-10T17:46:10+00:00,20307
2026-08-10T17:46:20+00:00,20307
2026-08-10T17:46:30+00:00,20307
2026-08-10T17:46:40+00:00,20307
2026-08-10T17:46:50+00:00,20307
2026-08-10T17:47:00+00:00,20307
2026-08-10T17:47:10+00:00,20307
2026-08-10T17:47:20+00:00,20307
2026-08-10T17:47:30+00:00,20307
2026-08-10T17:47:40+00:00,20307
2026-08-10T17:47:50+00:00,20307
2026-08-10T17:48:00+00:00,20307
2026-08-10T17:48:10+00:00,20307
2026-08-10T17:48:20+00:00,20307
2026-08-10T17:48:30+00:00,20307
2026-08-10T17:48:40+00:00,20307
2026-08-10T17:48:50+00:00,20307
2026-08-10T17:49:00+00:00,20307
2026-08-10T17:49:10+00:00,20307
2026-08-10T17:49:20+00:00,20307
2026-08-10T17:49:30+00:00,20307
2026-08-10T17:49:41+00:00,20307
2026-08-10T17:49:51+00:00,20307
2026-08-10T17:50:01+00:00,20307
2026-08-10T17:50:11+00:00,20307
2026-08-10T17:50:21+00:00,20307
2026-08-10T17:50:31+00:00,20307
2026-08-10T17:50:41+00:00,20307
2026-08-10T17:50:51+00:00,20307
2026-08-10T17:51:01+00:00,20307
2026-08-10T17:51:11+00:00,20307
2026-08-10T17:51:21+00:00,20307
2026-08-10T17:51:31+00:00,20307
2026-08-10T17:51:41+00:00,20307
2026-08-10T17:51:51+00:00,20307
2026-08-10T17:52:01+00:00,20307
2026-08-10T17:52:11+00:00,20307
2026-08-10T17:52:21+00:00,20307
2026-08-10T17:52:31+00:00,20307
2026-08-10T17:52:41+00:00,20307
2026-08-10T17:52:51+00:00,20307
2026-08-10T17:53:01+00:00,20307
2026-08-10T17:53:11+00:00,20307
2026-08-10T17:53:21+00:00,20307
2026-08-10T17:53:31+00:00,20307
2026-08-10T17:53:41+00:00,20307
2026-08-10T17:53:51+00:00,20307
2026-08-10T17:54:01+00:00,20307
2026-08-10T17:54:11+00:00,20307
2026-08-10T17:54:21+00:00,20307
2026-08-10T17:54:31+00:00,20307
2026-08-10T17:54:42+00:00,20307
2026-08-10T17:54:52+00:00,20307
2026-08-10T17:55:02+00:00,20307
2026-08-10T17:55:12+00:00,20307
2026-08-10T17:55:22+00:00,20307
2026-08-10T17:55:32+00:00,20307
2026-08-10T17:55:42+00:00,20307
2026-08-10T17:55:52+00:00,20307
2026-08-10T17:56:02+00:00,20307
2026-08-10T17:56:12+00:00,20307
2026-08-10T17:56:22+00:00,20307
2026-08-10T17:56:32+00:00,20307
2026-08-10T17:56:42+00:00,20307
2026-08-10T17:56:52+00:00,20307
2026-08-10T17:57:02+00:00,20307
2026-08-10T17:57:12+00:00,20307
2026-08-10T17:57:22+00:00,20307
2026-08-10T17:57:32+00:00,20307
2026-08-10T17:57:42+00:00,20307
2026-08-10T17:57:52+00:00,20307
2026-08-10T17:58:02+00:00,20307
2026-08-10T17:58:12+00:00,20307
2026-08-10T17:58:22+00:00,20307
2026-08-10T17:58:32+00:00,20307
2026-08-10T17:58:42+00:00,20307
2026-08-10T17:58:52+00:00,20307
2026-08-10T17:59:02+00:00,20307
2026-08-10T17:59:12+00:00,20307
2026-08-10T17:59:22+00:00,20307
2026-08-10T17:59:33+00:00,20307
2026-08-10T17:59:43+00:00,20307
2026-08-10T17:59:53+00:00,20307
2026-08-10T18:00:03+00:00,20307
2026-08-10T18:00:13+00:00,20307
2026-08-10T18:00:23+00:00,20307
2026-08-10T18:00:33+00:00,20307
2026-08-10T18:00:43+00:00,20307
2026-08-10T18:00:53+00:00,20307
2026-08-10T18:01:03+00:00,20307
2026-08-10T18:01:13+00:00,20307
2026-08-10T18:01:23+00:00,20307
2026-08-10T18:01:33+00:00,20307
2026-08-10T18:01:43+00:00,20307
2026-08-10T18:01:53+00:00,20307
2026-08-10T18:02:03+00:00,20307
2026-08-10T18:02:13+00:00,20307
2026-08-10T18:02:23+00:00,20307
2026-08-10T18:02:33+00:00,20307
2026-08-10T18:02:43+00:00,20307
2026-08-10T18:02:53+00:00,20307
2026-08-10T18:03:03+00:00,20307
2026-08-10T18:03:13+00:00,20307
2026-08-10T18:03:23+00:00,20307
2026-08-10T18:03:33+00:00,20307
2026-08-10T18:03:43+00:00,20307
2026-08-10T18:03:53+00:00,20307
2026-08-10T18:04:03+00:00,20307
2026-08-10T18:04:13+00:00,20307
2026-08-10T18:04:23+00:00,20307
2026-08-10T18:04:34+00:00,20307
2026-08-10T18:04:44+00:00,20307
2026-08-10T18:04:54+00:00,20307
2026-08-10T18:05:04+00:00,20307
2026-08-10T18:05:14+00:00,20307
2026-08-10T18:05:24+00:00,20307
2026-08-10T18:05:34+00:00,20307
2026-08-10T18:05:44+00:00,20307
2026-08-10T18:05:54+00:00,20307
2026-08-10T18:06:04+00:00,20307
2026-08-10T18:06:14+00:00,20307
2026-08-10T18:06:24+00:00,20307
2026-08-10T18:06:34+00:00,20307
2026-08-10T18:06:44+00:00,20307
2026-08-10T18:06:54+00:00,20307
2026-08-10T18:07:04+00:00,20307
2026-08-10T18:07:14+00:00,20307
2026-08-10T18:07:24+00:00,20307
2026-08-10T18:07:34+00:00,20307
2026-08-10T18:07:44+00:00,20307
2026-08-10T18:07:54+00:00,20307
2026-08-10T18:08:04+00:00,20307
2026-08-10T18:08:14+00:00,20307
2026-08-10T18:08:24+00:00,20307
2026-08-10T18:08:34+00:00,20307
2026-08-10T18:08:44+00:00,20307
2026-08-10T18:08:54+00:00,20307
2026-08-10T18:09:04+00:00,20307
2026-08-10T18:09:14+00:00,20307
2026-08-10T18:09:24+00:00,20307
2026-08-10T18:09:35+00:00,20307
2026-08-10T18:09:45+00:00,20307
2026-08-10T18:09:55+00:00,20307
2026-08-10T18:10:05+00:00,20307
2026-08-10T18:10:15+00:00,20307
2026-08-10T18:10:25+00:00,20307
2026-08-10T18:10:35+00:00,20307
2026-08-10T18:10:45+00:00,20307
2026-08-10T18:10:55+00:00,20307
2026-08-10T18:11:05+00:00,20307
2026-08-10T18:11:15+00:00,20307
2026-08-10T18:11:25+00:00,20307
2026-08-10T18:11:35+00:00,20307
2026-08-10T18:11:45+00:00,20307
2026-08-10T18:11:55+00:00,20307
2026-08-10T18:12:05+00:00,20307
2026-08-10T18:12:15+00:00,20307
2026-08-10T18:12:25+00:00,20307
2026-08-10T18:12:35+00:00,19779
2026-08-10T18:12:45+00:00,3
2026-08-10T18:12:55+00:00,0
2026-08-10T18:13:05+00:00,0
2026-08-10T18:13:15+00:00,0
2026-08-10T18:13:25+00:00,0
2026-08-10T18:13:35+00:00,0
2026-08-10T18:13:45+00:00,0
2026-08-10T18:13:55+00:00,0
2026-08-10T18:14:05+00:00,0
2026-08-10T18:14:15+00:00,0
2026-08-10T18:14:25+00:00,0
2026-08-10T18:14:35+00:00,0
2026-08-10T18:14:46+00:00,0
2026-08-10T18:14:56+00:00,0
2026-08-10T18:15:06+00:00,0
2026-08-10T18:15:16+00:00,0
2026-08-10T18:15:26+00:00,0
2026-08-10T18:15:36+00:00,0
2026-08-10T18:15:46+00:00,0
2026-08-10T18:15:56+00:00,0
2026-08-10T18:16:06+00:00,0
2026-08-10T18:16:16+00:00,0
2026-08-10T18:16:26+00:00,0
2026-08-10T18:16:36+00:00,0
2026-08-10T18:16:46+00:00,0
2026-08-10T18:16:56+00:00,0
2026-08-10T18:17:06+00:00,0
2026-08-10T18:17:16+00:00,0
2026-08-10T18:17:26+00:00,0
2026-08-10T18:17:36+00:00,0
2026-08-10T18:17:46+00:00,0
2026-08-10T18:17:56+00:00,0
2026-08-10T18:18:06+00:00,0
2026-08-10T18:18:16+00:00,0
2026-08-10T18:18:26+00:00,0
2026-08-10T18:18:36+00:00,0
2026-08-10T18:18:46+00:00,0
2026-08-10T18:18:56+00:00,0
2026-08-10T18:19:06+00:00,0
2026-08-10T18:19:16+00:00,0
2026-08-10T18:19:26+00:00,0
2026-08-10T18:19:36+00:00,0
2026-08-10T18:19:47+00:00,0
2026-08-10T18:19:57+00:00,0
2026-08-10T18:20:07+00:00,0
2026-08-10T18:20:17+00:00,0
2026-08-10T18:20:27+00:00,0
2026-08-10T18:20:37+00:00,0
2026-08-10T18:20:47+00:00,0
2026-08-10T18:20:57+00:00,0
2026-08-10T18:21:07+00:00,0
2026-08-10T18:21:17+00:00,0
2026-08-10T18:21:27+00:00,0
2026-08-10T18:21:37+00:00,0
2026-08-10T18:21:47+00:00,0
2026-08-10T18:21:57+00:00,0
2026-08-10T18:22:07+00:00,0
2026-08-10T18:22:17+00:00,0
2026-08-10T18:22:27+00:00,0
2026-08-10T18:22:37+00:00,0
2026-08-10T18:22:47+00:00,0
2026-08-10T18:22:57+00:00,0
2026-08-10T18:23:07+00:00,0
2026-08-10T18:23:17+00:00,3
2026-08-10T18:23:27+00:00,279
2026-08-10T18:23:37+00:00,6363
2026-08-10T18:23:47+00:00,6363
2026-08-10T18:23:57+00:00,7359
2026-08-10T18:24:07+00:00,20305
2026-08-10T18:24:17+00:00,20307
2026-08-10T18:24:27+00:00,20307
2026-08-10T18:24:37+00:00,20307
2026-08-10T18:24:47+00:00,20307
2026-08-10T18:24:58+00:00,20307
2026-08-10T18:25:08+00:00,20307
2026-08-10T18:25:18+00:00,20307
2026-08-10T18:25:28+00:00,20307
2026-08-10T18:25:38+00:00,20307
2026-08-10T18:25:48+00:00,20307
2026-08-10T18:25:58+00:00,20307
2026-08-10T18:26:08+00:00,20307
2026-08-10T18:26:18+00:00,20307
2026-08-10T18:26:28+00:00,20307
2026-08-10T18:26:38+00:00,20307
2026-08-10T18:26:48+00:00,20307
2026-08-10T18:26:58+00:00,20307
2026-08-10T18:27:08+00:00,20307
2026-08-10T18:27:18+00:00,20307
2026-08-10T18:27:28+00:00,20307
2026-08-10T18:27:38+00:00,20307
2026-08-10T18:27:48+00:00,20307
2026-08-10T18:27:58+00:00,20307
2026-08-10T18:28:08+00:00,20307
2026-08-10T18:28:18+00:00,20307
2026-08-10T18:28:28+00:00,20307
2026-08-10T18:28:38+00:00,20307
2026-08-10T18:28:48+00:00,20307
2026-08-10T18:28:58+00:00,20307
2026-08-10T18:29:08+00:00,20307
2026-08-10T18:29:18+00:00,20307
2026-08-10T18:29:28+00:00,20307
2026-08-10T18:29:38+00:00,20307
2026-08-10T18:29:48+00:00,20307
2026-08-10T18:29:58+00:00,20307
2026-08-10T18:30:09+00:00,20307
2026-08-10T18:30:19+00:00,20307
2026-08-10T18:30:29+00:00,20307
2026-08-10T18:30:39+00:00,20307
2026-08-10T18:30:49+00:00,20307
2026-08-10T18:30:59+00:00,20307
2026-08-10T18:31:09+00:00,20307
2026-08-10T18:31:19+00:00,20307
2026-08-10T18:31:29+00:00,20307
2026-08-10T18:31:39+00:00,20307
2026-08-10T18:31:49+00:00,20307
2026-08-10T18:31:59+00:00,20307
2026-08-10T18:32:09+00:00,20307
2026-08-10T18:32:19+00:00,20307
2026-08-10T18:32:29+00:00,20307
2026-08-10T18:32:39+00:00,20307
2026-08-10T18:32:49+00:00,20307
2026-08-10T18:32:59+00:00,20307
2026-08-10T18:33:09+00:00,20307
2026-08-10T18:33:19+00:00,20307
2026-08-10T18:33:29+00:00,20307
2026-08-10T18:33:39+00:00,20307
2026-08-10T18:33:49+00:00,20307
2026-08-10T18:33:59+00:00,20307
2026-08-10T18:34:09+00:00,20307
2026-08-10T18:34:19+00:00,20307
2026-08-10T18:34:29+00:00,20307
2026-08-10T18:34:39+00:00,20307
2026-08-10T18:34:49+00:00,20307
2026-08-10T18:34:59+00:00,20307
2026-08-10T18:35:10+00:00,20307
2026-08-10T18:35:20+00:00,20307
2026-08-10T18:35:30+00:00,20307
2026-08-10T18:35:40+00:00,20307
2026-08-10T18:35:50+00:00,20307
2026-08-10T18:36:00+00:00,20307
2026-08-10T18:36:10+00:00,20307
2026-08-10T18:36:20+00:00,20307
2026-08-10T18:36:30+00:00,20307
2026-08-10T18:36:40+00:00,20307
2026-08-10T18:36:50+00:00,20307
2026-08-10T18:37:00+00:00,20307
2026-08-10T18:37:10+00:00,20307
2026-08-10T18:37:20+00:00,20307
2026-08-10T18:37:30+00:00,20307
2026-08-10T18:37:40+00:00,20307
2026-08-10T18:37:50+00:00,20307
2026-08-10T18:38:00+00:00,20307
2026-08-10T18:38:10+00:00,20307
2026-08-10T18:38:20+00:00,20307
2026-08-10T18:38:30+00:00,20307
2026-08-10T18:38:40+00:00,20307
2026-08-10T18:38:50+00:00,20307
2026-08-10T18:39:00+00:00,20307
2026-08-10T18:39:10+00:00,20307
2026-08-10T18:39:20+00:00,20307
2026-08-10T18:39:30+00:00,20307
2026-08-10T18:39:40+00:00,20307
2026-08-10T18:39:50+00:00,20307
2026-08-10T18:40:00+00:00,20307
2026-08-10T18:40:11+00:00,20307
2026-08-10T18:40:21+00:00,20307
2026-08-10T18:40:31+00:00,20307
2026-08-10T18:40:41+00:00,20307
2026-08-10T18:40:51+00:00,20307
2026-08-10T18:41:01+00:00,20307
2026-08-10T18:41:11+00:00,20307
2026-08-10T18:41:21+00:00,20307
2026-08-10T18:41:31+00:00,20307
2026-08-10T18:41:41+00:00,20307
2026-08-10T18:41:51+00:00,20307
2026-08-10T18:42:01+00:00,20307
2026-08-10T18:42:11+00:00,20307
2026-08-10T18:42:21+00:00,20307
2026-08-10T18:42:31+00:00,0
2026-08-10T18:42:41+00:00,0
2026-08-10T18:42:51+00:00,0
2026-08-10T18:43:01+00:00,0
2026-08-10T18:43:11+00:00,0
2026-08-10T18:43:21+00:00,0
2026-08-10T18:43:31+00:00,0
2026-08-10T18:43:41+00:00,0
2026-08-10T18:43:51+00:00,0
2026-08-10T18:44:01+00:00,0
2026-08-10T18:44:11+00:00,0
2026-08-10T18:44:21+00:00,0
2026-08-10T18:44:31+00:00,0
2026-08-10T18:44:41+00:00,0
2026-08-10T18:44:51+00:00,0
2026-08-10T18:45:01+00:00,0
2026-08-10T18:45:12+00:00,0
2026-08-10T18:45:22+00:00,0
2026-08-10T18:45:32+00:00,0
2026-08-10T18:45:42+00:00,0
2026-08-10T18:45:52+00:00,0
2026-08-10T18:46:02+00:00,0
2026-08-10T18:46:12+00:00,0
2026-08-10T18:46:22+00:00,0
2026-08-10T18:46:32+00:00,0
2026-08-10T18:46:42+00:00,0
2026-08-10T18:46:52+00:00,0
2026-08-10T18:47:02+00:00,0
2026-08-10T18:47:12+00:00,0
2026-08-10T18:47:22+00:00,0
2026-08-10T18:47:32+00:00,0
2026-08-10T18:47:42+00:00,0
2026-08-10T18:47:52+00:00,0
2026-08-10T18:48:02+00:00,0
2026-08-10T18:48:12+00:00,0
2026-08-10T18:48:22+00:00,0
2026-08-10T18:48:32+00:00,0
2026-08-10T18:48:42+00:00,0
2026-08-10T18:48:52+00:00,0
2026-08-10T18:49:02+00:00,0
2026-08-10T18:49:12+00:00,0
2026-08-10T18:49:22+00:00,0
2026-08-10T18:49:32+00:00,0
2026-08-10T18:49:42+00:00,3
2026-08-10T18:49:52+00:00,6363
2026-08-10T18:50:02+00:00,19289
2026-08-10T18:50:13+00:00,20305
2026-08-10T18:50:23+00:00,20305
2026-08-10T18:50:33+00:00,20305
2026-08-10T18:50:43+00:00,20305
2026-08-10T18:50:53+00:00,20305
2026-08-10T18:51:03+00:00,20305
2026-08-10T18:51:13+00:00,20305
2026-08-10T18:51:23+00:00,20305
2026-08-10T18:51:33+00:00,20305
2026-08-10T18:51:43+00:00,20305
2026-08-10T18:51:53+00:00,20305
2026-08-10T18:52:03+00:00,20305
2026-08-10T18:52:13+00:00,20305
2026-08-10T18:52:23+00:00,20305
2026-08-10T18:52:33+00:00,20305
2026-08-10T18:52:43+00:00,20305
2026-08-10T18:52:53+00:00,20305
2026-08-10T18:53:03+00:00,20305
2026-08-10T18:53:13+00:00,20305
2026-08-10T18:53:23+00:00,20305
2026-08-10T18:53:33+00:00,20305
2026-08-10T18:53:43+00:00,20305
2026-08-10T18:53:53+00:00,20305
2026-08-10T18:54:03+00:00,20305
2026-08-10T18:54:13+00:00,20305
2026-08-10T18:54:23+00:00,20305
2026-08-10T18:54:33+00:00,20305
2026-08-10T18:54:43+00:00,20305
2026-08-10T18:54:53+00:00,20305
2026-08-10T18:55:03+00:00,20305
2026-08-10T18:55:14+00:00,20305
2026-08-10T18:55:24+00:00,20305
2026-08-10T18:55:34+00:00,20305
2026-08-10T18:55:44+00:00,20305
2026-08-10T18:55:54+00:00,20305
2026-08-10T18:56:04+00:00,20305
2026-08-10T18:56:14+00:00,20305
2026-08-10T18:56:24+00:00,20305
2026-08-10T18:56:34+00:00,20305
2026-08-10T18:56:44+00:00,20305
2026-08-10T18:56:54+00:00,20305
2026-08-10T18:57:04+00:00,20305
2026-08-10T18:57:14+00:00,20305
2026-08-10T18:57:24+00:00,20305
2026-08-10T18:57:34+00:00,20305
2026-08-10T18:57:44+00:00,20305
2026-08-10T18:57:54+00:00,20305
2026-08-10T18:58:04+00:00,20305
2026-08-10T18:58:14+00:00,20305
2026-08-10T18:58:24+00:00,20305
2026-08-10T18:58:34+00:00,20305
2026-08-10T18:58:44+00:00,20305
2026-08-10T18:58:54+00:00,20305
2026-08-10T18:59:04+00:00,20305
2026-08-10T18:59:14+00:00,20305
2026-08-10T18:59:24+00:00,20305
2026-08-10T18:59:34+00:00,20305
2026-08-10T18:59:44+00:00,20305
2026-08-10T18:59:54+00:00,20305
2026-08-10T19:00:04+00:00,20305
2026-08-10T19:00:14+00:00,20305
2026-08-10T19:00:25+00:00,20305
2026-08-10T19:00:35+00:00,20305
2026-08-10T19:00:45+00:00,20305
2026-08-10T19:00:55+00:00,20305
2026-08-10T19:01:05+00:00,20305
2026-08-10T19:01:15+00:00,20305
2026-08-10T19:01:25+00:00,20305
2026-08-10T19:01:35+00:00,20305
2026-08-10T19:01:45+00:00,20305
2026-08-10T19:01:55+00:00,20305
2026-08-10T19:02:05+00:00,20305
2026-08-10T19:02:15+00:00,20305
2026-08-10T19:02:25+00:00,20305
2026-08-10T19:02:35+00:00,20305
2026-08-10T19:02:45+00:00,20305
2026-08-10T19:02:55+00:00,20305
2026-08-10T19:03:05+00:00,20305
2026-08-10T19:03:15+00:00,20305
2026-08-10T19:03:25+00:00,20305
2026-08-10T19:03:35+00:00,20305
2026-08-10T19:03:45+00:00,20305
2026-08-10T19:03:55+00:00,20305
2026-08-10T19:04:05+00:00,20305
2026-08-10T19:04:15+00:00,20305
2026-08-10T19:04:25+00:00,20305
2026-08-10T19:04:35+00:00,20305
2026-08-10T19:04:45+00:00,20305
2026-08-10T19:04:55+00:00,20305
2026-08-10T19:05:05+00:00,20305
2026-08-10T19:05:15+00:00,20305
2026-08-10T19:05:26+00:00,20305
2026-08-10T19:05:36+00:00,20305
2026-08-10T19:05:46+00:00,20305
2026-08-10T19:05:56+00:00,20305
2026-08-10T19:06:06+00:00,20305
2026-08-10T19:06:16+00:00,20305
2026-08-10T19:06:26+00:00,20305
2026-08-10T19:06:36+00:00,20305
2026-08-10T19:06:46+00:00,20305
2026-08-10T19:06:56+00:00,20305
2026-08-10T19:07:06+00:00,20305
2026-08-10T19:07:16+00:00,20305
2026-08-10T19:07:26+00:00,20305
2026-08-10T19:07:36+00:00,20305
2026-08-10T19:07:46+00:00,20305
2026-08-10T19:07:56+00:00,20305
2026-08-10T19:08:06+00:00,3
2026-08-10T19:08:16+00:00,0
2026-08-10T19:08:26+00:00,0
2026-08-10T19:08:36+00:00,0
2026-08-10T19:08:46+00:00,0
2026-08-10T19:08:56+00:00,0
2026-08-10T19:09:06+00:00,0
2026-08-10T19:09:16+00:00,0
2026-08-10T19:09:26+00:00,0
2026-08-10T19:09:36+00:00,0
2026-08-10T19:09:46+00:00,0
2026-08-10T19:09:56+00:00,0
2026-08-10T19:10:06+00:00,0
2026-08-10T19:10:16+00:00,0
2026-08-10T19:10:27+00:00,0
2026-08-10T19:10:37+00:00,0
2026-08-10T19:10:47+00:00,0
2026-08-10T19:10:57+00:00,0
2026-08-10T19:11:07+00:00,0
2026-08-10T19:11:17+00:00,0
2026-08-10T19:11:27+00:00,0
2026-08-10T19:11:37+00:00,0
2026-08-10T19:11:47+00:00,0
2026-08-10T19:11:57+00:00,0
2026-08-10T19:12:07+00:00,0
2026-08-10T19:12:17+00:00,0
2026-08-10T19:12:27+00:00,0
2026-08-10T19:12:37+00:00,0
2026-08-10T19:12:47+00:00,0
2026-08-10T19:12:57+00:00,0
2026-08-10T19:13:07+00:00,0
2026-08-10T19:13:17+00:00,0
2026-08-10T19:13:27+00:00,0
2026-08-10T19:13:37+00:00,0
2026-08-10T19:13:47+00:00,0
2026-08-10T19:13:57+00:00,0
2026-08-10T19:14:07+00:00,0
2026-08-10T19:14:17+00:00,0
2026-08-10T19:14:27+00:00,0
2026-08-10T19:14:37+00:00,0
2026-08-10T19:14:47+00:00,0
2026-08-10T19:14:57+00:00,0
2026-08-10T19:15:07+00:00,0
2026-08-10T19:15:17+00:00,0
2026-08-10T19:15:27+00:00,0
2026-08-10T19:15:38+00:00,0
2026-08-10T19:15:48+00:00,0
2026-08-10T19:15:58+00:00,0
2026-08-10T19:16:08+00:00,0
2026-08-10T19:16:18+00:00,0
2026-08-10T19:16:28+00:00,0
2026-08-10T19:16:38+00:00,0
2026-08-10T19:16:48+00:00,0
2026-08-10T19:16:58+00:00,0
2026-08-10T19:17:08+00:00,0
2026-08-10T19:17:18+00:00,0
2026-08-10T19:17:28+00:00,0
2026-08-10T19:17:38+00:00,0
2026-08-10T19:17:48+00:00,3
2026-08-10T19:17:58+00:00,3
2026-08-10T19:18:08+00:00,6497
2026-08-10T19:18:18+00:00,20305
2026-08-10T19:18:28+00:00,20517
2026-08-10T19:18:38+00:00,20517
2026-08-10T19:18:48+00:00,20517
2026-08-10T19:18:58+00:00,20517
2026-08-10T19:19:08+00:00,20517
2026-08-10T19:19:18+00:00,20517
2026-08-10T19:19:28+00:00,20517
2026-08-10T19:19:38+00:00,20517
2026-08-10T19:19:48+00:00,20517
2026-08-10T19:19:58+00:00,20517
2026-08-10T19:20:08+00:00,20517
2026-08-10T19:20:18+00:00,20517
2026-08-10T19:20:28+00:00,20517
2026-08-10T19:20:39+00:00,20517
2026-08-10T19:20:49+00:00,0
2026-08-10T19:20:59+00:00,0
2026-08-10T19:21:09+00:00,0
2026-08-10T19:21:19+00:00,0
2026-08-10T19:21:29+00:00,0
2026-08-10T19:21:39+00:00,0
2026-08-10T19:21:49+00:00,0
2026-08-10T19:21:59+00:00,0
2026-08-10T19:22:09+00:00,0
2026-08-10T19:22:19+00:00,0
2026-08-10T19:22:29+00:00,0
2026-08-10T19:22:39+00:00,0
2026-08-10T19:22:49+00:00,0
2026-08-10T19:22:59+00:00,0
2026-08-10T19:23:09+00:00,0
2026-08-10T19:23:19+00:00,0
2026-08-10T19:23:29+00:00,0
2026-08-10T19:23:39+00:00,0
2026-08-10T19:23:49+00:00,0
2026-08-10T19:23:59+00:00,0
2026-08-10T19:24:09+00:00,0
2026-08-10T19:24:19+00:00,0
2026-08-10T19:24:29+00:00,0
2026-08-10T19:24:39+00:00,0
2026-08-10T19:24:49+00:00,0
2026-08-10T19:24:59+00:00,0
2026-08-10T19:25:09+00:00,0
2026-08-10T19:25:19+00:00,0
2026-08-10T19:25:29+00:00,0
2026-08-10T19:25:39+00:00,0
2026-08-10T19:25:50+00:00,0
2026-08-10T19:26:00+00:00,0
2026-08-10T19:26:10+00:00,0
2026-08-10T19:26:20+00:00,0
2026-08-10T19:26:30+00:00,0
2026-08-10T19:26:40+00:00,0
2026-08-10T19:26:50+00:00,0
2026-08-10T19:27:00+00:00,0
2026-08-10T19:27:10+00:00,0
2026-08-10T19:27:20+00:00,0
2026-08-10T19:27:30+00:00,0
2026-08-10T19:27:40+00:00,0
2026-08-10T19:27:50+00:00,0
2026-08-10T19:28:00+00:00,0
2026-08-10T19:28:10+00:00,0
2026-08-10T19:28:20+00:00,0
2026-08-10T19:28:30+00:00,0
2026-08-10T19:28:40+00:00,0
2026-08-10T19:28:50+00:00,0
2026-08-10T19:29:00+00:00,0
2026-08-10T19:29:10+00:00,3
2026-08-10T19:29:20+00:00,3
2026-08-10T19:29:30+00:00,6633
2026-08-10T19:29:40+00:00,20305
2026-08-10T19:29:50+00:00,20517
2026-08-10T19:30:00+00:00,20517
2026-08-10T19:30:10+00:00,20517
2026-08-10T19:30:20+00:00,20517
2026-08-10T19:30:30+00:00,20517
2026-08-10T19:30:40+00:00,20517
2026-08-10T19:30:51+00:00,20517
2026-08-10T19:31:01+00:00,20517
2026-08-10T19:31:11+00:00,20517
2026-08-10T19:31:21+00:00,20517
2026-08-10T19:31:31+00:00,20517
2026-08-10T19:31:41+00:00,20517
2026-08-10T19:31:51+00:00,20517
2026-08-10T19:32:01+00:00,20517
2026-08-10T19:32:11+00:00,0
2026-08-10T19:32:21+00:00,0
2026-08-10T19:32:31+00:00,0
2026-08-10T19:32:41+00:00,0
2026-08-10T19:32:51+00:00,3
2026-08-10T19:33:01+00:00,3
2026-08-10T19:33:11+00:00,6363
2026-08-10T19:33:21+00:00,19439
2026-08-10T19:33:31+00:00,20515
2026-08-10T19:33:41+00:00,20515
2026-08-10T19:33:51+00:00,20515
2026-08-10T19:34:01+00:00,20515
2026-08-10T19:34:11+00:00,20515
2026-08-10T19:34:21+00:00,20515
2026-08-10T19:34:31+00:00,20515
2026-08-10T19:34:41+00:00,20515
2026-08-10T19:34:51+00:00,20515
2026-08-10T19:35:01+00:00,20515
2026-08-10T19:35:11+00:00,20515
2026-08-10T19:35:21+00:00,20515
2026-08-10T19:35:31+00:00,20515
2026-08-10T19:35:41+00:00,20515
2026-08-10T19:35:52+00:00,0
2026-08-10T19:36:02+00:00,0
2026-08-10T19:36:12+00:00,0
2026-08-10T19:36:22+00:00,0
2026-08-10T19:36:32+00:00,0
2026-08-10T19:36:42+00:00,0
2026-08-10T19:36:52+00:00,0
2026-08-10T19:37:02+00:00,0
2026-08-10T19:37:12+00:00,0
2026-08-10T19:37:22+00:00,0
2026-08-10T19:37:32+00:00,0
2026-08-10T19:37:42+00:00,0
2026-08-10T19:37:52+00:00,0
2026-08-10T19:38:02+00:00,0
2026-08-10T19:38:12+00:00,0
2026-08-10T19:38:22+00:00,0
2026-08-10T19:38:32+00:00,0
2026-08-10T19:38:42+00:00,0
2026-08-10T19:38:52+00:00,0
2026-08-10T19:39:02+00:00,0
2026-08-10T19:39:12+00:00,0
2026-08-10T19:39:22+00:00,0
2026-08-10T19:39:32+00:00,0
2026-08-10T19:39:42+00:00,0
2026-08-10T19:39:52+00:00,0
2026-08-10T19:40:02+00:00,0
2026-08-10T19:40:12+00:00,0
2026-08-10T19:40:22+00:00,0
2026-08-10T19:40:32+00:00,0
2026-08-10T19:40:42+00:00,0
2026-08-10T19:40:52+00:00,0
2026-08-10T19:41:03+00:00,0
2026-08-10T19:41:13+00:00,0
2026-08-10T19:41:23+00:00,0
2026-08-10T19:41:33+00:00,0
2026-08-10T19:41:43+00:00,0
2026-08-10T19:41:53+00:00,0
2026-08-10T19:42:03+00:00,0
2026-08-10T19:42:13+00:00,0
2026-08-10T19:42:23+00:00,0
2026-08-10T19:42:33+00:00,0
2026-08-10T19:42:43+00:00,0
2026-08-10T19:42:53+00:00,0
2026-08-10T19:43:03+00:00,0
2026-08-10T19:43:13+00:00,0
2026-08-10T19:43:23+00:00,0
2026-08-10T19:43:33+00:00,0
2026-08-10T19:43:43+00:00,0
2026-08-10T19:43:53+00:00,0
2026-08-10T19:44:03+00:00,0
2026-08-10T19:44:13+00:00,0
2026-08-10T19:44:23+00:00,0
2026-08-10T19:44:33+00:00,0
2026-08-10T19:44:43+00:00,0
2026-08-10T19:44:53+00:00,0
2026-08-10T19:45:03+00:00,0
2026-08-10T19:45:13+00:00,0
2026-08-10T19:45:23+00:00,0
2026-08-10T19:45:33+00:00,0
2026-08-10T19:45:43+00:00,3
2026-08-10T19:45:53+00:00,3
2026-08-10T19:46:04+00:00,6497
2026-08-10T19:46:14+00:00,20305
2026-08-10T19:46:24+00:00,20305
2026-08-10T19:46:34+00:00,20305
2026-08-10T19:46:44+00:00,20305
2026-08-10T19:46:54+00:00,20305
2026-08-10T19:47:04+00:00,20305
2026-08-10T19:47:14+00:00,20305
2026-08-10T19:47:24+00:00,20305
2026-08-10T19:47:34+00:00,20305
2026-08-10T19:47:44+00:00,20305
2026-08-10T19:47:54+00:00,20305
2026-08-10T19:48:04+00:00,20305
2026-08-10T19:48:14+00:00,20305
2026-08-10T19:48:24+00:00,20305
2026-08-10T19:48:34+00:00,20305
2026-08-10T19:48:44+00:00,20305
2026-08-10T19:48:54+00:00,20305
2026-08-10T19:49:04+00:00,20305
2026-08-10T19:49:14+00:00,20305
2026-08-10T19:49:24+00:00,20305
2026-08-10T19:49:34+00:00,20305
2026-08-10T19:49:44+00:00,20305
2026-08-10T19:49:54+00:00,20305
2026-08-10T19:50:04+00:00,20305
2026-08-10T19:50:14+00:00,20305
2026-08-10T19:50:24+00:00,20305
2026-08-10T19:50:34+00:00,20305
2026-08-10T19:50:44+00:00,20305
2026-08-10T19:50:54+00:00,20305
